"","MDS1","MDS2","species"
"MAFR",-0.546331304712896,-0.36412032417883,"MAFR"
"SNPI",-0.389775562647734,-0.643148884349609,"SNPI"
"TRMO",-0.359197249678532,-0.586011627028785,"TRMO"
"ZEND",-0.324729911380575,-0.563920297117211,"ZEND"
"CAMA",0.638865555421332,-0.438822907847647,"CAMA"
"GFLY",0.755955590544394,-0.361226237792912,"GFLY"
"BARS",0.654760470488312,-0.384804492065001,"BARS"
