"","MDS1","MDS2","species"
"BANA",-0.182074935259538,0.534734338318976,"BANA"
"CAGR",-0.135431069923907,-0.582862765668211,"CAGR"
"GFLY",0.80119063687914,0.0706406264615161,"GFLY"
"CAMA",0.732910815825495,0.213603213519615,"CAMA"
"BARS",0.695191873873652,0.179865337139157,"BARS"
