"","MDS1","MDS3","species"
"CAGR",-0.119633959897127,0.654640360055775,"CAGR"
"HOWR",-0.148426234000668,0.759546851028288,"HOWR"
"LAGU",-0.43054862484573,-0.534005383688443,"LAGU"
"MAFR",-0.532687182638386,-0.354665164290065,"MAFR"
"CAMA",0.650162496297591,-0.307214281311492,"CAMA"
"GFLY",0.762232738846795,-0.268637045766362,"GFLY"
"BARS",0.679983669223345,-0.177511048063782,"BARS"
"SBAN",-0.0997081675195745,0.632017577437891,"SBAN"
