"","MDS1","MDS3","species"
"TRMO",-0.398531502009172,-0.671276705942153,"TRMO"
"BWHA",-0.0603888157998892,-0.578194925471031,"BWHA"
"GFLY",0.778964046750847,-0.262415832093214,"GFLY"
"CAMA",0.737698464340644,-0.130538792446861,"CAMA"
"BARS",0.67844175401417,-0.256161015311152,"BARS"
