"species","ivi"
"black",52.3227188558694
"red",124.187462083435
"white",123.489819060696
