"","species","density","reldensity","dominance","reldom","freq","relfreq","ivi"
"1","black",84,12.6506024096386,1.041292939,15.3131420872564,0.422222222222222,24.3589743589744,52.3227188558694
"2","red",265,39.9096385542169,2.766787515,40.6880799394743,0.755555555555556,43.5897435897436,124.187462083435
"3","white",315,47.4397590361446,2.991914825,43.9987779732692,0.555555555555556,32.0512820512821,123.489819060696
